epoch,time_seconds,memory_mb,train_acc,val_acc,train_loss,val_loss
1,19.152034521102905,23.846381187438965,87.5498116016388,99.04926419258118,0.390769898891449,0.02758176252245903
2,9.25755786895752,16.40836524963379,99.7846007347107,99.65428113937378,0.012230132706463337,0.01023402251303196
3,9.635836601257324,0.08303642272949219,99.89230036735535,99.30855631828308,0.004155500326305628,0.018223196268081665
4,9.033098936080933,0.0776071548461914,99.97845888137817,99.13569688796997,0.0017222934402525425,0.07266701012849808
5,9.174498319625854,0.0731048583984375,99.88152980804443,99.30855631828308,0.004954659845679998,0.026680590584874153
6,8.783538579940796,0.07467365264892578,99.97845888137817,99.13569688796997,0.0012234196765348315,0.03712667152285576
7,8.83775520324707,0.0375823974609375,100.0,99.13569688796997,0.0006272431928664446,0.052308473736047745
