epoch,time_seconds,memory_mb,train_acc,val_acc,train_loss,val_loss
1,12.32636308670044,23.987098693847656,87.5498116016388,99.04926419258118,0.390769898891449,0.02758176252245903
2,6.334166526794434,16.408435821533203,99.7846007347107,99.65428113937378,0.012230132706463337,0.01023402251303196
3,6.271263122558594,0.08917045593261719,99.89230036735535,99.30855631828308,0.004155500326305628,0.018223196268081665
4,6.8932342529296875,0.07706642150878906,99.97845888137817,99.13569688796997,0.0017222934402525425,0.07266701012849808
5,6.552051544189453,0.07073402404785156,99.88152980804443,99.30855631828308,0.004954659845679998,0.026680590584874153
6,6.754332542419434,0.0764303207397461,99.97845888137817,99.13569688796997,0.0012234196765348315,0.03712667152285576
7,8.3678138256073,0.037906646728515625,100.0,99.13569688796997,0.0006272431928664446,0.052308473736047745
